{
    "num_layers": 3,
    "hidden_size_0": 618,
    "hidden_size_1": 934,
    "hidden_size_2": 731,
    "dropout_rate": 0.4708854160763799,
    "learning_rate": 0.0011322478089614678,
    "look_back_days": 110,
    "forecast_horizon": 22,
    "best_loss": 0.014104645699262619
}